t_s,q_pitch,q_roll,q_yaw,q_elbow,target_x,target_y,target_z
5.0000,0.219212,0.008313,-0.277485,1.009956,0.000353,0.184800,-0.105382
5.0167,0.230145,0.021091,-0.321599,0.966990,0.002016,0.184208,-0.102204
5.0333,0.229536,0.022354,-0.326287,0.966978,0.002143,0.184290,-0.102304
5.0500,0.228206,0.024347,-0.330685,0.966806,0.002660,0.184798,-0.102321
5.0667,0.227950,0.029385,-0.348310,0.963420,0.002675,0.185074,-0.102002
5.0833,0.224987,0.033403,-0.356440,0.963985,0.003656,0.186204,-0.102231
5.1000,0.222395,0.038868,-0.364008,0.962363,0.004845,0.188042,-0.102040
5.1167,0.220459,0.041733,-0.367675,0.961962,0.005720,0.189095,-0.102115
5.1333,0.215711,0.046328,-0.386775,0.966799,0.006242,0.189463,-0.102546
5.1500,0.215787,0.047000,-0.390719,0.966461,0.006072,0.189321,-0.102383
5.1667,0.218308,0.052814,-0.412530,0.957971,0.005349,0.189155,-0.101760
5.1833,0.219003,0.053798,-0.420096,0.957020,0.004804,0.188691,-0.101678
5.2000,0.219365,0.056577,-0.430683,0.955090,0.004416,0.188728,-0.101545
5.2167,0.215156,0.058783,-0.446878,0.961860,0.004397,0.188473,-0.102198
5.2333,0.215110,0.059166,-0.450164,0.961889,0.004231,0.188288,-0.102100
5.2500,0.215596,0.060131,-0.453332,0.961588,0.003839,0.188411,-0.102001
5.2667,0.215210,0.063183,-0.462195,0.959441,0.003928,0.188785,-0.101873
5.2833,0.215672,0.066832,-0.476738,0.952639,0.004149,0.188407,-0.101352
5.3000,0.216884,0.072697,-0.493410,0.942586,0.004377,0.188617,-0.100619
5.3167,0.217723,0.077964,-0.509946,0.931316,0.004992,0.188370,-0.099751
5.3333,0.218293,0.081057,-0.526993,0.917620,0.006175,0.186652,-0.098606
5.3500,0.204630,0.075582,-0.546663,0.936891,0.008527,0.183306,-0.100061
5.3667,0.191547,0.069004,-0.562312,0.954616,0.011166,0.179836,-0.101162
5.3833,0.181148,0.061475,-0.574816,0.970788,0.012954,0.176155,-0.102081
5.4000,0.176062,0.055334,-0.583087,0.978083,0.013884,0.172793,-0.102366
5.4167,0.168030,0.044956,-0.592013,0.990827,0.015409,0.167727,-0.102832
5.4333,0.158657,0.029572,-0.599551,0.997463,0.018974,0.159524,-0.102484
5.4500,0.143997,0.009736,-0.606658,1.012436,0.023841,0.149897,-0.102314
5.4667,0.129754,-0.009505,-0.612039,1.013380,0.031065,0.139240,-0.100711
5.4833,0.107256,-0.040146,-0.618050,1.033312,0.039174,0.124490,-0.099336
5.5000,0.089081,-0.074323,-0.624653,1.030845,0.048943,0.105489,-0.094995
5.5167,0.054357,-0.131193,-0.627485,1.080755,0.057900,0.080320,-0.091626
5.5333,0.017356,-0.190937,-0.618978,1.127790,0.068303,0.054209,-0.085908
5.5667,-0.187256,-0.380000,-0.414967,1.448555,0.103037,-0.017229,-0.066886
5.6500,-0.212159,-0.301907,-0.489703,0.807893,0.216225,-0.018760,0.014381
5.6667,-0.242148,-0.253492,-0.534860,0.713148,0.235323,-0.008661,0.030935
5.6833,-0.279362,-0.206260,-0.569657,0.648745,0.252684,0.002113,0.044582
5.7000,-0.312063,-0.165949,-0.596436,0.602662,0.266246,0.011482,0.055591
5.7167,-0.334705,-0.125043,-0.623396,0.560813,0.275514,0.021551,0.063657
5.7333,-0.347518,-0.085637,-0.651297,0.520341,0.280643,0.031265,0.069397
5.7500,-0.353398,-0.050229,-0.680152,0.486856,0.282377,0.039794,0.072418
5.7667,-0.355791,-0.026303,-0.703889,0.463972,0.282157,0.044956,0.073957
5.7833,-0.355309,-0.021761,-0.718761,0.461502,0.280320,0.044654,0.073121
5.8000,-0.358792,-0.020359,-0.739972,0.471767,0.278564,0.042752,0.070591
5.8167,-0.365405,-0.019606,-0.764216,0.490471,0.277131,0.040822,0.067132
5.8333,-0.368098,-0.018070,-0.786077,0.503502,0.274886,0.039558,0.063828
5.8500,-0.367626,-0.016733,-0.801506,0.513956,0.272583,0.039128,0.060526
5.8667,-0.363065,-0.012798,-0.811506,0.516175,0.269931,0.040187,0.057898
5.8833,-0.358809,-0.003254,-0.823254,0.510651,0.267654,0.042806,0.056143
5.9000,-0.356846,0.006559,-0.833331,0.502638,0.266393,0.045337,0.055508
5.9167,-0.357445,0.012626,-0.843080,0.496468,0.265678,0.046223,0.055613
5.9333,-0.356860,0.019611,-0.852370,0.488156,0.264665,0.047472,0.055794
5.9500,-0.357316,0.024582,-0.857877,0.486426,0.264414,0.048821,0.055312
5.9667,-0.356717,0.023762,-0.861936,0.486797,0.263527,0.047983,0.054867
5.9833,-0.359619,0.020588,-0.871736,0.493864,0.262773,0.045940,0.053985
6.0000,-0.361499,0.014007,-0.882107,0.499825,0.261201,0.042289,0.053503
6.0167,-0.360812,0.016084,-0.887344,0.496857,0.260244,0.042441,0.053479
6.0333,-0.357409,0.021754,-0.894843,0.491615,0.258442,0.043823,0.052510
6.0500,-0.354837,0.039951,-0.900450,0.465996,0.258127,0.048907,0.054465
6.0667,-0.356206,0.053062,-0.906137,0.444546,0.258598,0.051835,0.057196
6.0833,-0.361441,0.061981,-0.911467,0.428277,0.260005,0.053197,0.060392
6.1000,-0.367591,0.062846,-0.916367,0.416702,0.261053,0.051502,0.063908
6.1167,-0.375783,0.054637,-0.920762,0.415676,0.262270,0.046728,0.066817
6.1333,-0.387354,0.039290,-0.928479,0.417755,0.263220,0.038657,0.070787
6.1500,-0.400587,0.024915,-0.932517,0.411609,0.265013,0.030580,0.077125
6.1667,-0.420037,0.014557,-0.932742,0.401135,0.269319,0.023938,0.085814
6.1833,-0.443770,0.008858,-0.929797,0.388343,0.275502,0.019157,0.095790
6.2000,-0.469654,0.008346,-0.927568,0.371357,0.282189,0.015988,0.106546
6.2167,-0.497390,0.008681,-0.921130,0.358723,0.290043,0.013823,0.117350
6.2333,-0.524134,0.011362,-0.918045,0.338133,0.296419,0.011752,0.129100
6.2500,-0.537702,0.020504,-0.922637,0.305804,0.297976,0.011702,0.138041
6.2667,-0.545578,0.038641,-0.926394,0.278801,0.299657,0.016165,0.143172
6.2833,-0.549495,0.061467,-0.926204,0.263132,0.302397,0.023963,0.144777
6.3000,-0.555135,0.092587,-0.921101,0.258693,0.308308,0.036189,0.144368
6.3167,-0.563386,0.130013,-0.908735,0.262910,0.317362,0.052366,0.143694
6.3333,-0.574021,0.163665,-0.899386,0.286728,0.327387,0.068383,0.140672
6.3500,-0.590149,0.183129,-0.890093,0.338052,0.339170,0.081181,0.135805
6.3667,-0.607029,0.193966,-0.880550,0.408472,0.351194,0.093127,0.128822
6.3833,-0.619967,0.203700,-0.869249,0.481983,0.361891,0.106444,0.120765
6.4000,-0.630322,0.203647,-0.856820,0.563560,0.370519,0.117584,0.111288
6.4167,-0.631202,0.203032,-0.844190,0.634163,0.374875,0.128526,0.100650
6.4333,-0.647272,0.196611,-0.822648,0.719380,0.383680,0.138698,0.094229
6.4500,-0.672924,0.179173,-0.790943,0.828331,0.394300,0.147390,0.088605
6.4667,-0.700113,0.160068,-0.748818,0.930034,0.404103,0.154755,0.085678
6.4833,-0.734912,0.142173,-0.682490,1.057941,0.414905,0.167512,0.083048
6.5000,-0.759360,0.142233,-0.597610,1.160144,0.422134,0.186754,0.081394
6.5167,-0.784234,0.146164,-0.492333,1.244151,0.428355,0.204708,0.082819
6.5333,-0.858467,0.133357,-0.311241,1.413166,0.439287,0.218343,0.089711
6.5500,-0.910222,0.135536,-0.161185,1.494503,0.448867,0.224451,0.098828
6.5667,-0.931886,0.149595,-0.060502,1.499284,0.455625,0.231025,0.109756
6.5833,-0.951693,0.162707,0.004386,1.501390,0.462527,0.236622,0.119663
6.6000,-0.968065,0.165400,0.043748,1.497576,0.467565,0.236342,0.128586
6.6167,-0.956411,0.161420,0.051464,1.439958,0.469480,0.233454,0.134672
6.6333,-0.911377,0.160259,-0.000255,1.318651,0.470002,0.231177,0.136816
6.6500,-0.917355,0.155328,-0.022066,1.325570,0.470925,0.227057,0.137295
6.6667,-0.903880,0.149438,-0.055235,1.288005,0.469946,0.221636,0.137709
6.6833,-0.905199,0.137067,-0.058976,1.286922,0.469799,0.214541,0.137196
6.7000,-0.901769,0.127680,-0.080299,1.274544,0.469147,0.207909,0.136941
6.7167,-0.909797,0.114339,-0.099137,1.288928,0.469279,0.199612,0.136129
6.7333,-0.917252,0.100983,-0.111066,1.300916,0.469256,0.191684,0.135810
6.7500,-0.926450,0.091074,-0.117406,1.314403,0.469824,0.185846,0.136416
6.7667,-0.966952,0.077713,-0.094740,1.381806,0.473985,0.179344,0.140850
6.7833,-1.018407,0.063199,-0.046930,1.456397,0.479982,0.171216,0.148898
6.8000,-1.035068,0.060272,-0.010476,1.458617,0.483652,0.168448,0.156347
6.8167,-1.030520,0.057127,0.002483,1.430541,0.484744,0.166235,0.159747
6.8333,-0.991891,0.052519,-0.025932,1.351053,0.481703,0.163585,0.157118
6.8500,-0.974426,0.048590,-0.049141,1.335233,0.477949,0.161737,0.151730
6.8667,-0.947017,0.044479,-0.078633,1.299111,0.473031,0.159308,0.145868
6.8833,-0.932000,0.044849,-0.101349,1.282114,0.470135,0.159008,0.142218
6.9000,-0.926938,0.046029,-0.102305,1.284269,0.468709,0.160369,0.139423
6.9167,-0.912973,0.049817,-0.120913,1.269753,0.466108,0.162011,0.136172
6.9333,-0.901187,0.048743,-0.136485,1.259547,0.463296,0.161200,0.132631
6.9500,-0.885565,0.049045,-0.154485,1.242798,0.459972,0.160882,0.128736
6.9667,-0.873194,0.049142,-0.169119,1.232057,0.457024,0.160638,0.125151
6.9833,-0.865220,0.048503,-0.178751,1.228452,0.454747,0.160317,0.122142
7.0000,-0.862144,0.046408,-0.181703,1.230757,0.453536,0.159523,0.120064
7.0167,-0.858609,0.043417,-0.189175,1.226685,0.452227,0.157539,0.119127
7.0333,-0.850043,0.042572,-0.202960,1.209449,0.450736,0.155759,0.118479
7.0500,-0.843360,0.041630,-0.215520,1.196610,0.449405,0.154085,0.117802
7.0667,-0.835861,0.039869,-0.228957,1.183207,0.447728,0.151905,0.116817
7.0833,-0.823881,0.041304,-0.244284,1.163529,0.445400,0.151191,0.115245
7.1000,-0.822995,0.045428,-0.252302,1.158074,0.445743,0.152370,0.115923
7.1167,-0.815506,0.049824,-0.267557,1.135520,0.445128,0.152306,0.116949
7.1333,-0.811145,0.052655,-0.279164,1.125199,0.444467,0.152389,0.116911
7.1500,-0.799314,0.057434,-0.295370,1.101199,0.442482,0.152620,0.116298
7.1667,-0.793441,0.065498,-0.309500,1.080853,0.442299,0.154312,0.117689
7.1833,-0.788237,0.070152,-0.322046,1.066406,0.441596,0.154775,0.118084
7.2000,-0.779197,0.075802,-0.336592,1.047520,0.439972,0.155494,0.117650
7.2167,-0.769551,0.080236,-0.348607,1.037072,0.437596,0.156678,0.115334
7.2333,-0.757111,0.085187,-0.360512,1.027106,0.434351,0.158462,0.111764
7.2500,-0.735507,0.087194,-0.375414,1.011055,0.428134,0.158743,0.105349
7.2667,-0.715690,0.097224,-0.389028,0.992520,0.423215,0.162755,0.100563
7.2833,-0.690960,0.108871,-0.403392,0.971391,0.416772,0.167658,0.094363
7.3000,-0.658502,0.128389,-0.418245,0.938327,0.408737,0.175884,0.087751
7.3167,-0.617873,0.156614,-0.434369,0.893795,0.398613,0.187651,0.080618
7.3333,-0.557931,0.178816,-0.458224,0.835253,0.380891,0.195228,0.068581
7.3500,-0.490644,0.196587,-0.486310,0.774291,0.358938,0.199724,0.054854
7.3667,-0.426129,0.209981,-0.516190,0.721033,0.336032,0.201726,0.041579
7.3833,-0.368401,0.218591,-0.545865,0.678276,0.313931,0.201488,0.029616
7.4000,-0.311714,0.216752,-0.581376,0.637666,0.290365,0.195073,0.018178
7.4167,-0.261073,0.199083,-0.619060,0.613663,0.266702,0.181993,0.006670
7.4833,-0.169490,-0.137975,-0.767925,0.871830,0.175890,0.034010,-0.034144
7.5000,-0.188974,-0.224757,-0.773042,1.006372,0.164671,0.005302,-0.038065
7.5167,-0.210877,-0.275780,-0.754353,1.069458,0.164792,-0.012054,-0.034699
7.5333,-0.237814,-0.302877,-0.729281,1.098139,0.172105,-0.021526,-0.029389
7.5500,-0.279079,-0.336109,-0.686027,1.157178,0.181350,-0.030329,-0.024950
7.5667,-0.306817,-0.344665,-0.654727,1.165011,0.192159,-0.033127,-0.019541
7.5833,-0.340110,-0.361398,-0.615737,1.189629,0.202185,-0.038111,-0.013821
7.6000,-0.357062,-0.361481,-0.600151,1.175641,0.210972,-0.039483,-0.008056
7.6167,-0.355441,-0.342680,-0.587641,1.121067,0.219863,-0.034760,-0.003164
7.6333,-0.351587,-0.313748,-0.592974,1.052111,0.229219,-0.027266,0.002300
7.6500,-0.345244,-0.282874,-0.610102,0.975780,0.236886,-0.020225,0.008894
7.6667,-0.342792,-0.249638,-0.631924,0.903981,0.244214,-0.012487,0.015699
7.6833,-0.351732,-0.228637,-0.651410,0.869686,0.250471,-0.008063,0.020581
7.7000,-0.354940,-0.211023,-0.671226,0.831648,0.254131,-0.005344,0.025621
7.7167,-0.350435,-0.206176,-0.697479,0.801301,0.252166,-0.008228,0.029454
7.7333,-0.341296,-0.195355,-0.724686,0.764542,0.249148,-0.008750,0.032396
7.7500,-0.304812,-0.201381,-0.766905,0.721038,0.233309,-0.017479,0.033446
7.8167,0.111071,-0.292498,-0.977229,0.660241,0.062842,-0.067840,0.011721
7.8500,0.037280,-0.331965,-0.982628,0.799844,0.074149,-0.075805,0.001609
7.8667,0.010789,-0.342790,-0.986636,0.806887,0.082214,-0.080696,0.005557
7.8833,-0.003365,-0.358126,-0.994143,0.819792,0.084872,-0.087047,0.008971
7.9000,-0.052184,-0.380000,-1.008495,0.865344,0.095093,-0.096105,0.012511
7.9167,-0.128574,-0.380000,-1.034522,0.903576,0.113643,-0.103622,0.017653
7.9333,-0.203705,-0.380000,-1.053057,0.924863,0.133766,-0.109373,0.025083
7.9500,-0.279593,-0.380000,-1.052458,0.937626,0.156837,-0.112249,0.033941
7.9667,-0.342010,-0.380000,-1.034504,0.927426,0.178955,-0.112262,0.044786
7.9833,-0.388302,-0.380000,-0.988487,0.896875,0.200886,-0.108075,0.056474
8.0000,-0.442859,-0.357996,-0.955239,0.864497,0.226182,-0.097954,0.066776
8.0167,-0.493765,-0.315590,-0.922871,0.831054,0.252007,-0.083996,0.076203
8.0333,-0.533195,-0.263712,-0.895070,0.796116,0.275618,-0.065509,0.083409
8.0500,-0.554370,-0.183017,-0.870068,0.729823,0.298146,-0.035917,0.089237
8.1333,-0.654416,0.115524,-0.744594,0.877487,0.385789,0.128701,0.076744
8.1500,-0.648105,0.165579,-0.721345,0.895037,0.390027,0.159687,0.073559
8.2000,-0.675812,0.087999,-0.530744,1.311057,0.376492,0.192247,0.026009
8.2167,-0.645984,0.056737,-0.373766,1.367259,0.358531,0.191415,0.008753
8.2333,-0.675371,0.036620,-0.209185,1.486935,0.353738,0.193550,0.001304
8.2500,-0.685909,0.037992,-0.091089,1.503094,0.356344,0.195843,0.002478
8.2667,-0.695632,0.044459,-0.012513,1.504420,0.361430,0.199341,0.005350
8.2833,-0.699683,0.061047,0.040274,1.504467,0.364709,0.208635,0.007384
8.3000,-0.705180,0.089583,0.075062,1.504472,0.369248,0.224214,0.010885
8.3167,-0.724439,0.120742,0.097541,1.504470,0.379526,0.239793,0.019808
8.3333,-0.757843,0.148155,0.112796,1.504472,0.394908,0.251747,0.034414
8.3500,-0.778860,0.176073,0.123413,1.504470,0.404135,0.264999,0.045724
8.3667,-0.804565,0.193066,0.130716,1.504471,0.414844,0.271688,0.057711
8.3833,-0.830289,0.201714,0.135789,1.504471,0.424876,0.273683,0.069167
8.4000,-0.854436,0.207941,0.139391,1.504470,0.433927,0.274437,0.079978
8.4167,-0.875473,0.208516,0.141991,1.504471,0.441445,0.272385,0.088999
8.4333,-0.892622,0.203509,0.143964,1.504472,0.447262,0.267686,0.095797
8.4500,-0.907953,0.196085,0.145419,1.504473,0.452301,0.261856,0.101559
8.4667,-0.920402,0.185815,0.146682,1.504475,0.456120,0.254784,0.105816
8.4833,-0.928875,0.174832,0.147520,1.504475,0.458128,0.247745,0.108556
8.5000,-0.935322,0.164816,0.146977,1.504465,0.459115,0.241444,0.110778
8.5167,-0.936891,0.157242,0.149408,1.504476,0.457908,0.237059,0.111610
8.5333,-0.938055,0.151461,0.149238,1.504363,0.456362,0.233673,0.112702
8.5500,-0.942399,0.148617,0.141917,1.520989,0.453263,0.231699,0.112782
8.5667,-1.046618,0.171452,0.234224,1.803270,0.447793,0.231156,0.111025
8.5833,-1.084503,0.190126,0.302319,1.927038,0.440185,0.230385,0.110788
8.6000,-1.097804,0.204794,0.352939,1.991568,0.434164,0.230341,0.109341
8.6167,-1.102837,0.215153,0.393729,2.038604,0.428233,0.229357,0.106847
8.6333,-1.103341,0.221096,0.431461,2.079198,0.421738,0.226482,0.103257
8.6500,-1.106082,0.221940,0.467430,2.127926,0.414028,0.219984,0.099653
8.6667,-1.119799,0.228155,0.506689,2.203572,0.405039,0.212429,0.099030
8.6833,-1.131887,0.232895,0.545097,2.282118,0.394585,0.203411,0.098575
8.7000,-1.140116,0.232602,0.580961,2.335835,0.387309,0.193711,0.099134
8.7167,-1.147457,0.233749,0.617075,2.381489,0.381535,0.184951,0.100757
8.7333,-1.152696,0.229804,0.642570,2.398826,0.380075,0.177438,0.102790
8.7500,-1.163174,0.221607,0.675979,2.432864,0.376539,0.164988,0.106269
8.7667,-1.176216,0.211745,0.711054,2.473827,0.371951,0.150784,0.110921
8.7833,-1.195999,0.206023,0.741211,2.501546,0.372258,0.139561,0.118939
8.8000,-1.210416,0.190632,0.772925,2.519430,0.371543,0.125031,0.125158
8.8167,-1.216455,0.169671,0.804009,2.545064,0.365474,0.108646,0.128206
8.8333,-1.217662,0.129023,0.834179,2.555835,0.357404,0.085598,0.129304
8.8500,-1.216547,0.087212,0.873325,2.534849,0.354762,0.063109,0.131730
8.8667,-1.224166,0.062140,0.902334,2.516877,0.356224,0.048504,0.136952
8.8833,-1.237488,0.061471,0.916127,2.518408,0.359306,0.044957,0.143173
8.9000,-1.248826,0.070576,0.934337,2.530998,0.361791,0.044364,0.149250
8.9167,-1.256611,0.073326,0.948381,2.541477,0.362283,0.042184,0.153566
8.9333,-1.258116,0.070196,0.965344,2.562297,0.357838,0.037143,0.155696
8.9500,-1.250265,0.057583,0.977552,2.582106,0.349073,0.029945,0.153988
8.9667,-1.234384,0.033782,0.985832,2.596705,0.336789,0.019877,0.149130
8.9833,-1.204181,-0.006170,1.001537,2.603828,0.318718,0.004217,0.141242
9.0833,-0.283120,0.704738,0.504192,2.464265,-0.021540,0.449631,0.001247
9.1000,-0.166055,0.705219,0.485653,2.249478,-0.046892,0.484454,-0.004041
9.1333,-0.055283,0.693128,0.450651,1.894719,-0.040991,0.529726,-0.006446
9.1500,-0.001938,0.674981,0.377394,1.664663,-0.023473,0.547912,-0.004783
9.1667,0.019728,0.672435,0.296337,1.508469,-0.001340,0.559708,-0.001956
9.1833,-0.014023,0.683642,0.246817,1.504549,0.017151,0.565814,0.000299
9.2000,-0.036303,0.685326,0.214269,1.504540,0.028721,0.566088,0.001279
9.2167,-0.070342,0.679023,0.192847,1.504527,0.046455,0.563149,-0.000218
9.2333,-0.113626,0.666941,0.179099,1.504519,0.069148,0.557311,-0.002386
9.3333,-0.170777,-0.318378,0.141600,1.504677,0.091089,0.032504,-0.092875
9.3500,-0.260677,-0.380000,0.250356,1.623701,0.092902,-0.048414,-0.056568
9.3667,-0.413763,-0.380000,0.703947,1.819543,0.109220,-0.100655,-0.021355
9.3833,-0.504663,-0.380000,0.986109,1.882248,0.134774,-0.130217,0.007144
9.4167,-0.660823,-0.380000,1.095088,1.929506,0.184806,-0.131620,0.036470
9.4333,-0.761637,-0.380000,1.106086,1.981141,0.214078,-0.121584,0.054395
9.4500,-0.871490,-0.380000,1.033140,2.020929,0.248111,-0.102108,0.068725
9.4667,-0.959635,-0.318567,1.014987,2.102996,0.278430,-0.078018,0.081322
9.4833,-1.024670,-0.236899,1.005443,2.180087,0.303303,-0.053065,0.091968
9.5000,-1.067688,-0.158210,0.997614,2.236570,0.324699,-0.026078,0.099738
9.5167,-1.092737,-0.083447,0.987388,2.263566,0.345049,0.003549,0.104413
9.6000,-1.045700,0.143120,0.917055,2.165181,0.393215,0.132729,0.088187
9.6167,-1.025617,0.167586,0.893525,2.134382,0.394626,0.153103,0.081959
9.6333,-1.007919,0.186776,0.873670,2.117308,0.393186,0.168664,0.076197
9.6500,-0.985372,0.178811,0.844116,2.045361,0.396227,0.178449,0.070410
9.6667,-0.964097,0.161948,0.813211,1.994849,0.394791,0.180594,0.063653
9.6833,-0.927699,0.137630,0.772950,1.924402,0.390325,0.182856,0.052702
9.7000,-0.874435,0.094976,0.704083,1.812182,0.384191,0.182157,0.039030
9.7167,-0.815959,0.052587,0.597985,1.702915,0.375090,0.180150,0.025592
9.7333,-0.748973,0.013111,0.459533,1.573332,0.366943,0.177495,0.014984
9.7500,-0.709549,-0.002827,0.338317,1.508155,0.362228,0.175445,0.007971
9.7667,-0.711587,0.000040,0.272254,1.504518,0.365080,0.176207,0.008128
9.7833,-0.728094,0.006989,0.224979,1.504493,0.372859,0.177945,0.013836
9.8000,-0.736386,0.026225,0.194902,1.504490,0.377799,0.187451,0.017856
9.8167,-0.742817,0.058736,0.175517,1.504483,0.383023,0.204558,0.022038
9.8333,-0.746526,0.095915,0.163975,1.504482,0.387043,0.224582,0.026074
9.8500,-0.755937,0.127962,0.156412,1.504477,0.392799,0.241229,0.032182
9.8667,-0.776013,0.143200,0.151388,1.504475,0.401807,0.247527,0.041065
9.8833,-0.790658,0.151731,0.148730,1.504476,0.407808,0.250646,0.047771
9.9000,-0.801890,0.154804,0.147554,1.504479,0.412214,0.251123,0.052608
9.9167,-0.811567,0.151320,0.147179,1.504481,0.415738,0.248166,0.056138
9.9333,-0.822661,0.141616,0.146756,1.504481,0.419531,0.241634,0.059578
9.9500,-0.832507,0.129442,0.145666,1.504476,0.422152,0.233832,0.062767
9.9667,-0.839280,0.116739,0.144281,1.504469,0.423290,0.226071,0.064905
9.9833,-0.844510,0.104483,0.142231,1.504456,0.423815,0.218737,0.066498
10.0000,-0.847687,0.089880,0.140969,1.504448,0.423028,0.210371,0.067398
10.0167,-0.848106,0.076074,0.130791,1.505667,0.420368,0.202716,0.067682
10.0333,-0.908498,0.073300,0.164180,1.660813,0.415946,0.196349,0.067679
10.0500,-0.995982,0.088420,0.260067,1.900490,0.407189,0.190459,0.068390
10.0667,-1.038473,0.105866,0.332422,2.042291,0.396401,0.186582,0.070004
10.0833,-1.055294,0.118099,0.390912,2.121945,0.387769,0.182484,0.070051
10.1000,-1.067864,0.126954,0.441464,2.194034,0.378671,0.176833,0.070108
10.1167,-1.074457,0.130031,0.488614,2.254281,0.369293,0.168817,0.069559
10.1333,-1.075306,0.119293,0.532730,2.292538,0.360903,0.155521,0.068421
10.1500,-1.082603,0.103940,0.572744,2.326878,0.354695,0.140052,0.070129
10.1667,-1.100858,0.092267,0.613855,2.356348,0.353549,0.125330,0.076635
10.1833,-1.138525,0.091926,0.655313,2.382761,0.360735,0.114083,0.090972
10.2000,-1.179121,0.102200,0.693878,2.407766,0.370195,0.107714,0.107279
10.2167,-1.216375,0.118594,0.729096,2.431759,0.379271,0.104744,0.123118
10.2333,-1.241892,0.111855,0.768849,2.479495,0.375558,0.090473,0.133245
10.2500,-1.252692,0.091406,0.803373,2.504317,0.369813,0.073907,0.138326
10.2667,-1.251792,0.059433,0.836918,2.493791,0.366112,0.055712,0.140144
10.2833,-1.245219,0.032394,0.869619,2.476279,0.363011,0.040937,0.140741
10.3000,-1.241016,0.008678,0.894325,2.464671,0.359550,0.028382,0.141469
10.3167,-1.237426,-0.003943,0.914067,2.454035,0.358369,0.021224,0.142332
10.3333,-1.236407,-0.011965,0.927963,2.451065,0.357081,0.016223,0.143407
10.3500,-1.235349,-0.023852,0.938463,2.458822,0.352255,0.009623,0.143892
10.3667,-1.230274,-0.033378,0.950908,2.470329,0.346336,0.003941,0.143231
10.3833,-1.220676,-0.059557,0.965922,2.475337,0.336481,-0.008114,0.141417
10.4167,-1.166481,-0.157925,0.994184,2.457834,0.300439,-0.045238,0.129336
10.4333,-1.124851,-0.198682,1.006730,2.456388,0.278880,-0.059056,0.120898
10.4500,-1.084810,-0.226301,1.011911,2.457720,0.260558,-0.067217,0.112816
10.4667,-1.036262,-0.260346,1.017183,2.441129,0.241857,-0.076798,0.103864
10.5000,-0.913824,-0.371820,1.008309,2.311261,0.203866,-0.106278,0.083648
10.5333,-0.844439,-0.380000,0.992710,2.097712,0.223753,-0.101032,0.061311
10.5833,-0.584386,-0.380000,1.119249,2.014422,0.145621,-0.138150,0.034653
10.6000,-0.468969,-0.380000,1.165401,1.970030,0.117026,-0.143613,0.021273
10.6167,-0.379196,-0.380000,1.184769,1.963146,0.089358,-0.147294,0.014584
10.6333,-0.382449,-0.380000,1.179032,1.929777,0.095175,-0.144023,0.009435
10.6500,-0.425280,-0.380000,1.154164,1.897220,0.114125,-0.136601,0.006306
10.6667,-0.427636,-0.380000,1.139997,1.901104,0.114235,-0.133666,0.005545
10.7167,-0.576985,-0.380000,1.126363,1.962671,0.159430,-0.119346,0.023087
10.7333,-0.664751,-0.380000,1.089918,2.034871,0.179727,-0.108132,0.034810
10.7500,-0.759754,-0.360593,1.062995,2.116954,0.207571,-0.087710,0.044921
10.7667,-0.849289,-0.273161,1.052078,2.228885,0.234439,-0.063743,0.055907
10.8167,-0.931988,-0.087479,1.034075,2.316581,0.287777,0.005680,0.060549
10.8333,-0.953448,-0.022853,1.020828,2.384886,0.294196,0.028382,0.064016
10.8500,-0.960628,0.037133,1.007254,2.437016,0.297418,0.051640,0.064253
10.8667,-0.958751,0.080849,0.995749,2.475909,0.296484,0.069290,0.062875
10.8833,-0.952485,0.111416,0.986202,2.493072,0.295771,0.083099,0.060270
10.9000,-0.943917,0.135664,0.977338,2.495736,0.295863,0.095536,0.056798
10.9167,-0.926433,0.150692,0.966958,2.475145,0.295722,0.107010,0.049918
10.9333,-0.902094,0.155874,0.954913,2.428704,0.296255,0.117595,0.040419
10.9500,-0.874161,0.149241,0.941327,2.358392,0.297922,0.125994,0.029578
10.9667,-0.841959,0.141308,0.922995,2.286302,0.297316,0.135118,0.017834
10.9833,-0.814875,0.131412,0.901451,2.198837,0.300801,0.145223,0.008146
11.0000,-0.796803,0.113834,0.874180,2.092727,0.309932,0.153642,0.002302
11.0167,-0.778721,0.073569,0.813699,1.908302,0.329539,0.162050,0.000447
11.0333,-0.764762,0.028378,0.679211,1.716575,0.350596,0.167870,0.006152
11.0500,-0.741469,-0.002077,0.488253,1.520864,0.372334,0.173321,0.017863
11.0667,-0.788291,0.015465,0.363620,1.504489,0.397584,0.177989,0.036070
11.0833,-0.836967,0.032366,0.284511,1.504478,0.417742,0.181333,0.055922
11.1000,-0.886299,0.045688,0.233375,1.504475,0.436596,0.182676,0.077037
11.1167,-0.912394,0.086667,0.200617,1.504468,0.448337,0.201900,0.091839
11.1333,-0.922762,0.128428,0.180913,1.504469,0.454196,0.223411,0.100575
11.1500,-0.937962,0.149993,0.168596,1.504470,0.460499,0.233316,0.109446
11.1667,-0.941169,0.174047,0.162847,1.504478,0.462271,0.246021,0.113830
11.1833,-0.939882,0.195734,0.162357,1.504490,0.462463,0.258006,0.115960
11.2000,-0.936252,0.212255,0.162047,1.504489,0.461637,0.267438,0.116478
11.2167,-0.929709,0.222429,0.153732,1.504440,0.459345,0.273624,0.115146
11.2333,-0.925232,0.226863,0.150788,1.504456,0.457730,0.276506,0.113891
11.2500,-0.929097,0.221054,0.151209,1.504471,0.458655,0.272859,0.115011
11.2667,-0.939455,0.204984,0.147877,1.504447,0.461580,0.262836,0.117626
11.2833,-0.949012,0.184675,0.142877,1.504404,0.463288,0.250510,0.119927
11.3000,-0.955376,0.164089,0.136927,1.504218,0.463443,0.238404,0.121145
11.3167,-0.958978,0.143711,0.130798,1.503176,0.462354,0.226756,0.121638
11.3333,-0.971945,0.127740,0.134684,1.544938,0.457621,0.217300,0.119685
11.3500,-1.088590,0.138313,0.238243,1.866148,0.448482,0.208252,0.115954
11.3667,-1.140971,0.146270,0.314857,2.031123,0.436167,0.198252,0.115948
11.3833,-1.162378,0.152045,0.378744,2.149701,0.420926,0.188991,0.111635
11.4000,-1.167505,0.151542,0.436701,2.239356,0.404926,0.177816,0.105627
11.4167,-1.155721,0.142815,0.493038,2.333801,0.381066,0.163166,0.094567
11.4500,-1.096032,0.056401,0.548510,2.475367,0.318436,0.115665,0.066403
11.4667,-1.061347,0.010258,0.578986,2.518413,0.289318,0.092219,0.056822
11.5000,-0.997860,-0.055770,0.643683,2.538954,0.251347,0.057592,0.045845
11.5167,-0.989058,-0.078408,0.671690,2.547141,0.242331,0.044051,0.047074
11.5333,-0.987197,-0.091366,0.718701,2.568210,0.235282,0.030925,0.052294
11.5500,-1.003887,-0.090455,0.764736,2.590573,0.237232,0.022405,0.061525
11.5667,-1.021530,-0.081965,0.806181,2.605315,0.242836,0.017661,0.070157
11.5833,-1.037854,-0.072365,0.845159,2.642548,0.243211,0.013451,0.079676
11.6000,-1.048609,-0.062775,0.880705,2.672703,0.243471,0.010213,0.087489
11.6167,-1.053179,-0.051773,0.911467,2.702007,0.242394,0.008667,0.093500
11.6333,-1.055257,-0.040522,0.939027,2.724774,0.242101,0.007975,0.098362
11.6500,-1.050283,-0.035732,0.956522,2.734115,0.240779,0.007175,0.099856
11.6667,-1.043550,-0.031233,0.965386,2.739048,0.239424,0.007804,0.099590
11.6833,-1.032576,-0.024986,0.970915,2.740331,0.237958,0.009873,0.097505
11.7000,-1.025500,-0.014245,0.976147,2.740840,0.238740,0.013475,0.096078
11.7167,-1.020892,-0.006613,0.982874,2.740119,0.239829,0.015580,0.095438
11.7333,-1.013070,-0.004142,0.989033,2.741275,0.238348,0.016025,0.094384
11.7500,-1.008754,-0.002979,0.991773,2.740940,0.237640,0.016319,0.093577
11.7667,-1.000958,-0.007248,0.999322,2.746413,0.233782,0.013951,0.093554
11.7833,-0.992005,-0.017349,1.007843,2.751220,0.228482,0.009344,0.093615
11.8000,-0.984877,-0.025530,1.016351,2.751782,0.225049,0.005485,0.093707
11.8167,-0.975146,-0.040462,1.029557,2.748671,0.220362,-0.001217,0.094126
11.8333,-0.961610,-0.056414,1.039974,2.738208,0.215680,-0.007503,0.092886
11.8500,-0.943152,-0.071300,1.049826,2.727148,0.209899,-0.012968,0.090655
11.8667,-0.924192,-0.087856,1.055163,2.718882,0.202644,-0.018532,0.088250
11.8833,-0.908117,-0.094376,1.058248,2.712345,0.198080,-0.020310,0.085557
11.9000,-0.893760,-0.102004,1.061811,2.704618,0.193995,-0.022649,0.083298
11.9167,-0.881877,-0.104879,1.064471,2.695185,0.192021,-0.023222,0.080749
11.9333,-0.867802,-0.112815,1.068741,2.681374,0.189162,-0.025610,0.078155
11.9500,-0.851883,-0.122258,1.070977,2.661135,0.186480,-0.028043,0.074462
11.9667,-0.837413,-0.131624,1.072367,2.634874,0.185306,-0.030201,0.070323
11.9833,-0.823044,-0.144288,1.073702,2.597198,0.185555,-0.033112,0.065493
12.0000,-0.810067,-0.158973,1.073939,2.560870,0.185329,-0.036702,0.061287
12.0167,-0.797092,-0.172329,1.071839,2.524659,0.185156,-0.039439,0.056772
12.0333,-0.787806,-0.192674,1.071268,2.484417,0.185325,-0.045011,0.053834
12.0500,-0.782515,-0.207280,1.069317,2.447712,0.187282,-0.048468,0.051182
12.0667,-0.774149,-0.216952,1.063486,2.415019,0.188383,-0.049544,0.047343
12.0833,-0.766803,-0.220025,1.055999,2.394924,0.188753,-0.048483,0.043813
12.1000,-0.760753,-0.216533,1.049693,2.389382,0.188294,-0.045791,0.040991
12.1167,-0.760682,-0.202668,1.042978,2.397548,0.189368,-0.039820,0.039054
12.1333,-0.772466,-0.177129,1.038617,2.419644,0.194397,-0.030764,0.039152
12.1500,-0.788460,-0.144947,1.035460,2.444508,0.201795,-0.019460,0.039872
12.1667,-0.808361,-0.103705,1.032420,2.469717,0.212329,-0.004617,0.040885
12.1833,-0.834382,-0.053693,1.029758,2.490295,0.227530,0.013866,0.042872
12.2000,-0.862862,0.008661,1.024645,2.496334,0.248418,0.039004,0.044630
12.2167,-0.877184,0.067796,1.015190,2.484335,0.266437,0.066209,0.043346
12.2333,-0.878799,0.106880,1.000725,2.438089,0.281943,0.089985,0.038879
12.2500,-0.882224,0.129654,0.982838,2.337653,0.305256,0.113518,0.034907
12.2667,-0.880903,0.140645,0.959424,2.245271,0.322551,0.132677,0.031955
12.2833,-0.869402,0.127026,0.926454,2.110918,0.339709,0.147229,0.027782
12.3000,-0.856346,0.107941,0.876379,1.988294,0.352357,0.158709,0.025158
12.3167,-0.841783,0.087088,0.783105,1.823254,0.370568,0.175787,0.027499
12.3333,-0.794868,0.053135,0.599124,1.635335,0.378467,0.188512,0.026122
12.3500,-0.752905,0.051580,0.430746,1.510935,0.383681,0.201843,0.025798
12.3667,-0.756318,0.072617,0.328925,1.504487,0.389268,0.212428,0.028012
12.3833,-0.775860,0.099059,0.264245,1.504484,0.399326,0.224373,0.036996
12.4000,-0.810696,0.122441,0.221454,1.504475,0.414615,0.233178,0.052353
12.4167,-0.849910,0.155402,0.194241,1.504471,0.431001,0.246760,0.071577
12.4333,-0.867667,0.201337,0.177433,1.504467,0.438443,0.269708,0.084837
12.4500,-0.873239,0.246936,0.168179,1.504470,0.440793,0.293764,0.093516
12.4667,-0.894320,0.267405,0.161838,1.504468,0.448650,0.302453,0.105204
12.4833,-0.900243,0.285530,0.159488,1.504474,0.450144,0.311439,0.110815
12.5000,-0.895186,0.301994,0.158509,1.504475,0.447852,0.320803,0.111418
12.5167,-0.893880,0.311216,0.164421,1.504502,0.447301,0.325987,0.112266
12.5333,-0.899837,0.309031,0.162646,1.504481,0.449633,0.324164,0.114333
12.5500,-0.914846,0.296603,0.159640,1.504473,0.455243,0.315759,0.118727
12.5667,-0.930906,0.278157,0.157406,1.504473,0.460869,0.303891,0.122964
12.5833,-0.941613,0.254906,0.156729,1.504478,0.464307,0.289989,0.124418
12.6000,-0.942393,0.236299,0.155524,1.504473,0.463513,0.279636,0.122786
12.6167,-0.939339,0.218741,0.141435,1.504273,0.461034,0.270149,0.119955
12.6333,-0.937332,0.202325,0.140806,1.506035,0.457912,0.261276,0.117934
12.6500,-0.980315,0.193372,0.162741,1.625753,0.453112,0.252697,0.115533
12.6667,-1.056635,0.205608,0.248520,1.851963,0.444564,0.246906,0.111692
12.6833,-1.081007,0.217289,0.312473,1.959856,0.434650,0.243365,0.107775
12.7000,-1.092972,0.218690,0.364567,2.025348,0.427265,0.235790,0.104524
12.7167,-1.109937,0.215101,0.413827,2.096553,0.419910,0.223945,0.103021
12.7333,-1.126819,0.207414,0.463369,2.163729,0.412711,0.209149,0.102626
12.7500,-1.141800,0.200144,0.511916,2.240011,0.402674,0.193600,0.101877
12.7667,-1.158088,0.194562,0.557950,2.305070,0.395051,0.179040,0.104025
12.7833,-1.170956,0.181769,0.601916,2.362505,0.386730,0.161781,0.105934
12.8000,-1.175078,0.156270,0.643170,2.401318,0.377499,0.140938,0.105775
12.8167,-1.174517,0.129554,0.685027,2.444190,0.365174,0.119889,0.104806
12.8333,-1.178918,0.111600,0.726068,2.481736,0.356378,0.102966,0.107273
12.8500,-1.183279,0.098215,0.758899,2.506656,0.350638,0.090210,0.110327
12.8667,-1.189138,0.093349,0.789180,2.532818,0.346441,0.081442,0.114353
12.8833,-1.195750,0.087659,0.819238,2.549399,0.344387,0.072824,0.119007
12.9000,-1.196756,0.066091,0.839183,2.557429,0.339080,0.060142,0.120625
12.9167,-1.186762,0.025814,0.867800,2.573502,0.324833,0.039329,0.119601
12.9333,-1.162983,-0.023449,0.905680,2.565429,0.309753,0.016092,0.116346
12.9500,-1.132742,-0.071876,0.936859,2.543932,0.295276,-0.004432,0.111506
12.9667,-1.099384,-0.102306,0.957307,2.524807,0.283358,-0.016025,0.105141
12.9833,-1.078604,-0.104972,0.963394,2.520219,0.278359,-0.016245,0.100188
13.0000,-1.059314,-0.099630,0.970256,2.506809,0.277774,-0.013145,0.095185
13.0167,-1.040430,-0.088784,0.973303,2.486322,0.280018,-0.006954,0.089241
13.0333,-1.024302,-0.077006,0.975094,2.472708,0.281468,-0.000521,0.084072
13.0500,-1.010287,-0.063305,0.973560,2.467157,0.281892,0.006672,0.079247
13.0667,-0.999458,-0.047235,0.972035,2.472172,0.281292,0.014132,0.075655
13.0833,-0.986855,-0.035283,0.972608,2.484477,0.277636,0.019239,0.072236
13.1000,-0.971443,-0.031590,0.970018,2.490420,0.272283,0.021881,0.067931
13.1167,-0.953165,-0.023712,0.967342,2.501668,0.265749,0.026127,0.063040
13.1333,-0.934311,-0.023928,0.964429,2.504199,0.259009,0.027494,0.057960
13.1500,-0.903071,-0.043411,0.966642,2.476510,0.250615,0.022763,0.050181
13.1667,-0.878630,-0.065131,0.970013,2.450697,0.243445,0.016319,0.044735
13.1833,-0.853527,-0.094634,0.973313,2.407456,0.237819,0.007724,0.039079
13.2000,-0.828803,-0.130352,0.974624,2.353165,0.232918,-0.002612,0.033696
13.2167,-0.797800,-0.173060,0.971677,2.297853,0.223999,-0.015080,0.027969
13.2333,-0.774283,-0.208117,0.966129,2.244871,0.218591,-0.024629,0.023669
13.2500,-0.757993,-0.236011,0.958777,2.201489,0.215144,-0.032021,0.020937
13.2667,-0.732929,-0.277269,0.945059,2.136098,0.209792,-0.042621,0.017273
13.2833,-0.721071,-0.290490,0.932644,2.119526,0.205463,-0.045505,0.015181
13.3000,-0.713060,-0.297403,0.922338,2.110874,0.202401,-0.046621,0.013518
13.3167,-0.714430,-0.293792,0.918968,2.111010,0.203481,-0.044740,0.013092
13.3333,-0.725514,-0.283917,0.912180,2.122393,0.206900,-0.041211,0.013806
13.3500,-0.743627,-0.264306,0.906920,2.145915,0.212533,-0.034735,0.015247
13.3667,-0.756608,-0.244139,0.902795,2.166691,0.217138,-0.027608,0.015712
13.3833,-0.766654,-0.226040,0.900410,2.187868,0.220209,-0.021400,0.016175
13.4000,-0.774625,-0.206454,0.899382,2.214647,0.221733,-0.014919,0.016526
13.4167,-0.782741,-0.183961,0.900562,2.253664,0.221433,-0.008221,0.017504
13.4333,-0.795171,-0.150579,0.903968,2.307597,0.221976,0.001788,0.019484
13.4500,-0.815416,-0.101357,0.909548,2.376070,0.225630,0.017011,0.023284
13.4667,-0.831351,-0.046190,0.913091,2.447043,0.228027,0.034994,0.026801
13.4833,-0.836500,0.005486,0.912804,2.505149,0.227864,0.053245,0.028173
13.5000,-0.851524,0.069270,0.911992,2.540801,0.237480,0.077608,0.030530
13.5167,-0.865351,0.117981,0.909468,2.542941,0.250005,0.098332,0.032149
13.5333,-0.866157,0.143548,0.908799,2.517636,0.259465,0.111940,0.030313
13.5500,-0.868874,0.166631,0.907792,2.475899,0.272217,0.126380,0.028900
13.5667,-0.861627,0.173064,0.904125,2.402930,0.284688,0.137986,0.024310
13.5833,-0.851298,0.175798,0.895626,2.329880,0.294840,0.149324,0.019499
13.6000,-0.841977,0.164969,0.883521,2.226008,0.309257,0.158451,0.015527
13.6167,-0.832458,0.146470,0.862041,2.108452,0.324473,0.166610,0.013048
13.6333,-0.805218,0.113757,0.818722,1.969599,0.333699,0.173006,0.007047
13.6500,-0.768982,0.073473,0.735777,1.813467,0.340521,0.178751,0.001611
13.6667,-0.725766,0.038755,0.565678,1.628378,0.350160,0.188384,0.001743
13.6833,-0.700412,0.041709,0.407865,1.508821,0.362122,0.201397,0.006443
13.7000,-0.721035,0.071571,0.316942,1.504502,0.375113,0.215222,0.014695
13.7167,-0.741586,0.100548,0.255101,1.504481,0.385621,0.228578,0.024237
13.7333,-0.757556,0.121965,0.215650,1.504480,0.393267,0.238377,0.032112
13.7500,-0.771865,0.151720,0.190299,1.504476,0.400397,0.253029,0.040466
13.7667,-0.781776,0.183286,0.174745,1.504475,0.405368,0.269153,0.047852
13.7833,-0.800775,0.200836,0.164561,1.504473,0.413497,0.276680,0.057231
13.8000,-0.810925,0.218499,0.158963,1.504475,0.417542,0.285141,0.063731
13.8167,-0.828418,0.225687,0.153936,1.504464,0.424099,0.287067,0.071949
13.8333,-0.828535,0.236119,0.154304,1.504480,0.423219,0.292524,0.074300
13.8500,-0.815097,0.245627,0.141997,1.505091,0.416950,0.298765,0.071078
13.8667,-0.799338,0.247076,0.137660,1.510339,0.408918,0.300985,0.065189
13.8833,-0.811288,0.246339,0.153086,1.576581,0.401865,0.299724,0.060048
13.9000,-0.872951,0.253289,0.229698,1.771133,0.393608,0.294333,0.054828
13.9167,-0.908324,0.261623,0.289329,1.878475,0.388327,0.289126,0.055000
13.9333,-0.929393,0.269071,0.337152,1.956012,0.382644,0.284335,0.054481
13.9500,-0.944339,0.273207,0.380033,2.019008,0.377198,0.278093,0.053682
13.9667,-0.959151,0.277017,0.418157,2.070354,0.373899,0.271840,0.054589
13.9833,-0.979361,0.275363,0.455259,2.112708,0.374292,0.262283,0.058146
14.0000,-1.001239,0.266317,0.492212,2.163357,0.373214,0.247817,0.061328
14.0167,-1.025736,0.250789,0.529379,2.214105,0.372404,0.229428,0.065552
14.0333,-1.047274,0.235898,0.568364,2.262773,0.370578,0.211276,0.069777
14.0500,-1.062636,0.217794,0.604115,2.298937,0.368268,0.193351,0.073011
14.0667,-1.066622,0.190521,0.643022,2.362077,0.354968,0.169711,0.071306
14.0833,-1.080679,0.172428,0.677932,2.398218,0.351178,0.152139,0.075746
14.1000,-1.096222,0.149733,0.716453,2.453667,0.342689,0.130640,0.080956
14.1167,-1.111832,0.126844,0.750813,2.481616,0.339350,0.111832,0.087336
14.1333,-1.141346,0.091265,0.781639,2.487899,0.342009,0.088294,0.098359
14.1500,-1.163212,0.060897,0.821099,2.512452,0.338186,0.065937,0.108159
14.1833,-1.154165,-0.025415,0.869757,2.544675,0.310619,0.022098,0.109400
14.2000,-1.152929,-0.059606,0.893084,2.566039,0.297435,0.004542,0.112359
14.2167,-1.148044,-0.082835,0.912186,2.578401,0.287820,-0.007203,0.113834
14.2333,-1.132174,-0.091612,0.928775,2.580380,0.281411,-0.011855,0.111721
14.2500,-1.120016,-0.093941,0.937432,2.581905,0.277541,-0.013153,0.109611
14.2667,-1.104264,-0.087121,0.947226,2.591233,0.273421,-0.011033,0.106788
14.2833,-1.093108,-0.075995,0.950929,2.594438,0.272793,-0.006604,0.104017
14.3000,-1.077369,-0.064818,0.962879,2.612234,0.267996,-0.003487,0.101696
14.3167,-1.058084,-0.054490,0.972396,2.635165,0.260735,-0.000284,0.098652
14.3333,-1.042215,-0.036934,0.980016,2.655757,0.256593,0.005725,0.096003
14.3500,-1.024911,-0.025052,0.982913,2.669111,0.251854,0.010552,0.092397
14.3667,-1.004905,-0.024380,0.982822,2.671138,0.245882,0.011988,0.087561
14.3833,-0.982089,-0.030979,0.987537,2.663369,0.239674,0.010460,0.082618
14.4000,-0.955905,-0.045995,0.995717,2.644161,0.233027,0.005833,0.077214
14.4167,-0.928133,-0.064419,1.001911,2.615391,0.226866,0.000584,0.070910
14.4333,-0.899265,-0.083768,1.007914,2.580830,0.221151,-0.004656,0.064286
14.4500,-0.874301,-0.105514,1.013188,2.543620,0.216420,-0.010859,0.058636
14.4667,-0.860925,-0.115425,1.016635,2.525876,0.213835,-0.013665,0.055787
14.4833,-0.852911,-0.119603,1.018562,2.518102,0.212088,-0.014762,0.054141
14.5000,-0.847745,-0.122701,1.020905,2.511152,0.211335,-0.015656,0.053114
14.5167,-0.844438,-0.126957,1.023783,2.501712,0.211456,-0.017067,0.052424
14.5333,-0.845244,-0.132583,1.028164,2.492932,0.212512,-0.019450,0.052985
14.5500,-0.850398,-0.136108,1.032712,2.489015,0.214440,-0.021501,0.054642
14.5667,-0.856827,-0.140093,1.038475,2.475901,0.218600,-0.023426,0.056055
14.5833,-0.865174,-0.143175,1.043629,2.464713,0.223145,-0.025165,0.057854
14.6000,-0.873842,-0.148885,1.048958,2.457078,0.226351,-0.028162,0.060408
14.6167,-0.884165,-0.150435,1.053700,2.456497,0.229521,-0.029861,0.063441
14.6333,-0.898774,-0.145322,1.058893,2.469118,0.232895,-0.029936,0.067708
14.6500,-0.913449,-0.139275,1.064563,2.489631,0.234852,-0.030130,0.072588
14.6667,-0.931474,-0.129440,1.071537,2.510920,0.238620,-0.029226,0.078150
14.6833,-0.949065,-0.116409,1.077987,2.527092,0.244057,-0.026758,0.083013
14.7000,-0.962762,-0.102317,1.082416,2.536358,0.249925,-0.023083,0.086285
14.7167,-0.972790,-0.083335,1.083417,2.539811,0.256934,-0.016509,0.087668
14.7333,-0.985743,-0.060405,1.084223,2.534182,0.267642,-0.008000,0.089121
14.7500,-1.000037,-0.030262,1.083336,2.521360,0.281834,0.004097,0.090266
14.7667,-1.016315,0.005157,1.079551,2.499550,0.299197,0.019637,0.091854
14.7833,-1.025755,0.038305,1.071819,2.472020,0.314697,0.036183,0.091749
14.8000,-1.038396,0.064053,1.060769,2.405821,0.336948,0.053781,0.092579
14.8167,-1.039799,0.083646,1.040448,2.316095,0.358302,0.074179,0.090508
14.8333,-1.028854,0.093762,1.010907,2.211919,0.375662,0.095096,0.085639
14.8667,-0.961862,0.034825,0.893620,1.851242,0.405496,0.126674,0.071324
14.8833,-0.895735,-0.007380,0.703035,1.677352,0.403189,0.139178,0.057266
14.9000,-0.813482,-0.033854,0.513029,1.543115,0.392308,0.147434,0.040840
14.9167,-0.762428,-0.011274,0.369775,1.505944,0.383073,0.166067,0.026684
14.9333,-0.749627,0.022505,0.293115,1.504492,0.382518,0.185110,0.022700
14.9500,-0.765565,0.045766,0.240518,1.504492,0.391497,0.195773,0.029241
14.9667,-0.791412,0.061690,0.205206,1.504482,0.403036,0.201537,0.039976
14.9833,-0.820893,0.085272,0.182395,1.504477,0.416033,0.211187,0.053319
15.0000,-0.853913,0.109361,0.168090,1.504474,0.429857,0.220701,0.068792
15.0167,-0.882094,0.126382,0.159240,1.504472,0.440764,0.226797,0.082363
15.0333,-0.905742,0.135719,0.153124,1.504466,0.449041,0.229122,0.093775
15.0500,-0.922208,0.138173,0.145330,1.504417,0.453260,0.228400,0.102297
15.0667,-0.933700,0.132170,0.135698,1.503535,0.455028,0.223592,0.108184
15.0833,-0.931163,0.132111,0.126191,1.493135,0.453304,0.223487,0.110632
15.1000,-0.835794,0.124791,0.031980,1.257812,0.451258,0.220353,0.112054
15.1167,-0.832347,0.132666,0.027322,1.259294,0.450532,0.224749,0.110856
15.1333,-0.797439,0.149341,-0.034571,1.194013,0.446176,0.230324,0.109609
15.1500,-0.789467,0.156782,-0.068858,1.179994,0.444962,0.231720,0.109077
15.1667,-0.770141,0.168389,-0.107552,1.148985,0.441632,0.234916,0.107232
15.1833,-0.758225,0.176898,-0.131982,1.139701,0.438581,0.238022,0.104217
15.2000,-0.745767,0.176766,-0.161461,1.115763,0.436153,0.234931,0.102805
15.2167,-0.724437,0.171611,-0.197429,1.067356,0.432303,0.227262,0.101710
15.2333,-0.695084,0.163234,-0.235402,1.007001,0.425916,0.216983,0.099342
15.2500,-0.657545,0.150546,-0.279125,0.937696,0.416177,0.203256,0.095094
15.2667,-0.618548,0.131825,-0.323852,0.875826,0.403952,0.186558,0.088987
15.2833,-0.583461,0.113271,-0.368495,0.830168,0.391143,0.170685,0.081904
15.3000,-0.566914,0.099934,-0.407477,0.796560,0.383897,0.157246,0.080309
15.3167,-0.568500,0.088458,-0.420484,0.794286,0.382823,0.149411,0.080582
15.3333,-0.583923,0.083383,-0.429674,0.787588,0.387118,0.143482,0.087199
15.3500,-0.599065,0.087095,-0.445492,0.772825,0.391578,0.140233,0.095105
15.3667,-0.612223,0.100641,-0.467338,0.743151,0.396027,0.139578,0.104866
15.3833,-0.626963,0.112961,-0.484453,0.714766,0.400659,0.138781,0.115255
15.4000,-0.636433,0.122236,-0.508021,0.677484,0.402582,0.135092,0.124857
15.4167,-0.635794,0.118784,-0.533745,0.636530,0.399647,0.125652,0.131041
15.4333,-0.635591,0.113785,-0.560483,0.608962,0.396328,0.116709,0.134512
15.4500,-0.639203,0.104730,-0.577855,0.599927,0.394546,0.108764,0.136495
15.5167,-0.639174,-0.034019,-0.656423,0.671620,0.370546,0.041070,0.122810
15.5333,-0.619039,-0.044910,-0.684672,0.648326,0.359847,0.032432,0.119699
15.5500,-0.598021,-0.048441,-0.711209,0.627626,0.350129,0.027660,0.115385
15.5667,-0.574621,-0.043152,-0.735770,0.602331,0.340933,0.026896,0.110674
15.5833,-0.553393,-0.042356,-0.757340,0.588778,0.332108,0.025312,0.105085
15.6000,-0.530666,-0.036570,-0.781235,0.567548,0.322893,0.025059,0.100041
15.6167,-0.510950,-0.031144,-0.804138,0.545511,0.314333,0.024415,0.096378
15.6333,-0.497288,-0.024894,-0.824615,0.521657,0.307701,0.023750,0.095082
15.6500,-0.486588,-0.018223,-0.840199,0.504252,0.302689,0.024185,0.093660
15.6667,-0.476562,-0.026890,-0.856752,0.511134,0.296506,0.019862,0.089242
15.6833,-0.470172,-0.038094,-0.874143,0.528018,0.291040,0.015065,0.084287
15.7000,-0.463945,-0.044708,-0.887790,0.546665,0.286727,0.012906,0.078733
15.7167,-0.459069,-0.044556,-0.896776,0.562128,0.284229,0.013895,0.073621
15.7333,-0.455479,-0.042048,-0.902831,0.575748,0.282777,0.016016,0.069117
15.7500,-0.452234,-0.045499,-0.908913,0.593701,0.280740,0.015922,0.064674
15.7667,-0.451504,-0.045407,-0.911690,0.606730,0.280279,0.017119,0.061672
15.7833,-0.454359,-0.055504,-0.914764,0.631910,0.279785,0.014733,0.058627
15.8000,-0.456428,-0.059753,-0.915186,0.645728,0.280000,0.014107,0.056992
15.8167,-0.462261,-0.065035,-0.913498,0.661416,0.281558,0.013171,0.056323
15.8333,-0.468050,-0.067236,-0.910799,0.668888,0.283575,0.012816,0.056881
15.8500,-0.473269,-0.077360,-0.909572,0.682016,0.284189,0.009366,0.057231
15.8667,-0.478208,-0.091007,-0.908790,0.697448,0.284159,0.004524,0.057552
15.8833,-0.486659,-0.113029,-0.907077,0.726989,0.284198,-0.002760,0.057414
15.9000,-0.490907,-0.114487,-0.904439,0.723049,0.285576,-0.003891,0.059832
15.9167,-0.496541,-0.108483,-0.898758,0.712156,0.288866,-0.002264,0.062959
15.9333,-0.504655,-0.105043,-0.894301,0.709149,0.292466,-0.001247,0.065554
15.9500,-0.515860,-0.104832,-0.888717,0.718465,0.296851,-0.000543,0.067073
15.9667,-0.531932,-0.111576,-0.880906,0.746557,0.302055,-0.001045,0.067567
15.9833,-0.551314,-0.112229,-0.869240,0.769352,0.309551,0.000745,0.069550
16.0000,-0.567790,-0.093611,-0.856843,0.764718,0.318837,0.008688,0.073829
16.0167,-0.579460,-0.060422,-0.840637,0.742567,0.329116,0.022118,0.078897
16.0333,-0.592311,-0.018338,-0.823199,0.728005,0.341011,0.040758,0.082819
16.0500,-0.606175,0.014078,-0.809748,0.731684,0.351460,0.056676,0.084951
16.0667,-0.622223,0.038339,-0.792962,0.763309,0.361858,0.072601,0.084203
16.0833,-0.637851,0.058240,-0.773191,0.811319,0.371620,0.089296,0.081444
16.1000,-0.662597,0.075149,-0.742985,0.893363,0.383995,0.109878,0.077585
16.1333,-0.779275,0.024182,-0.522579,1.329800,0.407619,0.150116,0.060184
16.1500,-0.778388,0.023445,-0.346402,1.389798,0.404392,0.163647,0.053185
16.1667,-0.790239,0.017908,-0.191785,1.485217,0.397893,0.172206,0.042671
16.1833,-0.780405,0.032764,-0.079416,1.503356,0.393656,0.183933,0.036602
16.2000,-0.768261,0.047348,-0.009901,1.504787,0.390722,0.193906,0.032069
16.2167,-0.767605,0.061695,0.034039,1.504401,0.392376,0.202269,0.032144
16.2333,-0.767735,0.073381,0.072182,1.504481,0.393556,0.209077,0.032761
16.2500,-0.760964,0.095646,0.091721,1.504435,0.392402,0.222225,0.031878
16.2667,-0.746356,0.119194,0.102432,1.504366,0.387832,0.236766,0.028459
16.2833,-0.743293,0.151866,0.119355,1.504490,0.388422,0.255245,0.030061
16.3000,-0.770134,0.178576,0.127814,1.504473,0.400983,0.267359,0.042391
16.3167,-0.804539,0.192555,0.133699,1.504473,0.415100,0.271484,0.057382
16.3333,-0.837411,0.193718,0.137686,1.504472,0.427560,0.268575,0.070919
16.3500,-0.870098,0.189512,0.140386,1.504472,0.439365,0.262633,0.084090
16.3667,-0.893413,0.181974,0.141130,1.504463,0.446643,0.255762,0.093712
16.3833,-0.911512,0.173976,0.139863,1.504444,0.451781,0.249197,0.101213
16.4000,-0.921757,0.165920,0.136337,1.504373,0.453739,0.243466,0.105638
16.4167,-0.926408,0.159757,0.132653,1.504204,0.454004,0.239449,0.107767
16.4333,-0.925549,0.152732,0.131849,1.504243,0.452233,0.235650,0.107462
16.4500,-0.924968,0.147688,0.126990,1.507115,0.450397,0.232930,0.106883
16.4667,-0.960392,0.148718,0.148570,1.602604,0.447951,0.230866,0.105899
16.4833,-1.028098,0.164682,0.234630,1.787137,0.444051,0.229732,0.104844
16.5000,-1.048665,0.181870,0.296654,1.875921,0.436929,0.231538,0.102069
16.5167,-1.054288,0.200678,0.343063,1.931415,0.430350,0.235794,0.098808
16.5500,-1.091521,0.192855,0.403425,2.073632,0.416556,0.216753,0.095830
16.5667,-1.115863,0.194178,0.451633,2.151193,0.410317,0.205781,0.098073
16.5833,-1.133629,0.191377,0.498727,2.215539,0.403903,0.193248,0.099731
16.6000,-1.152486,0.193103,0.541173,2.266050,0.400762,0.183538,0.104211
16.6167,-1.174862,0.192050,0.579776,2.300738,0.401439,0.173171,0.111574
16.6333,-1.198320,0.187420,0.614030,2.327141,0.403379,0.161921,0.119945
16.6500,-1.221480,0.179570,0.649451,2.357185,0.403792,0.148692,0.128091
16.6667,-1.234845,0.172467,0.683098,2.387832,0.401035,0.137016,0.132726
16.6833,-1.240852,0.161275,0.710684,2.407787,0.397534,0.125818,0.134887
16.7000,-1.243928,0.149725,0.731877,2.419742,0.394556,0.116283,0.136158
16.7167,-1.253331,0.134806,0.749833,2.425397,0.393839,0.105501,0.139868
16.7333,-1.260295,0.115344,0.768442,2.432746,0.391106,0.092835,0.142428
16.7500,-1.260364,0.095733,0.790702,2.435402,0.387431,0.080639,0.143050
16.7667,-1.259544,0.081482,0.810895,2.451693,0.381201,0.070598,0.143149
16.7833,-1.254715,0.072476,0.833821,2.473374,0.373909,0.062564,0.142238
16.8000,-1.246362,0.059075,0.851457,2.492875,0.365054,0.054001,0.139833
16.8167,-1.234582,0.045849,0.868014,2.511886,0.355388,0.046104,0.136496
16.8333,-1.220501,0.025490,0.880336,2.528050,0.343922,0.036319,0.132211
16.8667,-1.166264,-0.041593,0.909410,2.529902,0.314196,0.009323,0.117532
16.8833,-1.131344,-0.062719,0.924358,2.529645,0.300116,0.001552,0.109169
16.9000,-1.103463,-0.072706,0.936966,2.528754,0.290669,-0.002013,0.102941
16.9167,-1.080807,-0.085847,0.950668,2.523493,0.282778,-0.007245,0.098594
16.9333,-1.065979,-0.079397,0.956428,2.538148,0.277269,-0.004897,0.095591
16.9500,-1.045364,-0.088564,0.967456,2.532543,0.270957,-0.008415,0.091570
16.9667,-1.028733,-0.092920,0.973557,2.529749,0.266067,-0.009707,0.088083
16.9833,-1.017234,-0.091004,0.975762,2.534020,0.262405,-0.008575,0.085569
17.0000,-1.004449,-0.077309,0.981100,2.554486,0.257995,-0.003853,0.083249
17.0167,-0.991653,-0.062119,0.985474,2.575263,0.253764,0.001531,0.080863
17.0333,-0.974497,-0.056308,0.986737,2.585389,0.248006,0.004332,0.077107
17.0500,-0.948594,-0.058693,0.988897,2.576986,0.241634,0.005063,0.070782
17.0667,-0.927021,-0.060275,0.991241,2.565128,0.237337,0.006007,0.065363
17.0833,-0.908520,-0.061212,0.993319,2.553754,0.233906,0.007051,0.060659
17.1000,-0.895471,-0.058924,0.993637,2.544190,0.232356,0.009211,0.056848
17.1167,-0.882518,-0.070486,0.998298,2.520067,0.230982,0.005974,0.053656
17.1333,-0.875853,-0.071623,1.000237,2.511030,0.230610,0.006177,0.051829
17.1500,-0.875105,-0.066126,1.001171,2.512599,0.231293,0.008363,0.051544
17.1667,-0.875159,-0.059109,1.003101,2.518169,0.231874,0.010683,0.051593
17.1833,-0.873477,-0.065609,1.007408,2.508990,0.232168,0.008020,0.051433
17.2000,-0.878825,-0.066867,1.011851,2.507254,0.234278,0.006753,0.053178
17.2167,-0.881958,-0.078819,1.019179,2.492646,0.236145,0.001565,0.054638
17.2333,-0.885066,-0.094469,1.026232,2.471807,0.238355,-0.004717,0.056031
17.2500,-0.892129,-0.102076,1.031945,2.460666,0.241484,-0.008284,0.058270
17.2667,-0.895917,-0.120179,1.037591,2.433428,0.244390,-0.015005,0.059655
17.2833,-0.903738,-0.131401,1.042158,2.414665,0.248292,-0.019519,0.061880
17.3000,-0.918490,-0.130112,1.046548,2.417086,0.252802,-0.020510,0.066090
17.3167,-0.933959,-0.126391,1.050589,2.425742,0.256797,-0.020992,0.070520
17.3333,-0.953576,-0.116550,1.055817,2.452740,0.259663,-0.020495,0.076722
17.3500,-0.964866,-0.107507,1.059350,2.477944,0.260099,-0.019452,0.080688
17.3667,-0.972089,-0.097196,1.061607,2.501181,0.259969,-0.017310,0.083389
17.3833,-0.976369,-0.084110,1.062681,2.522457,0.260051,-0.013631,0.084915
17.4000,-0.979776,-0.062930,1.061477,2.530207,0.264615,-0.005637,0.084646
17.4167,-0.989208,-0.030870,1.059285,2.533141,0.274340,0.006884,0.085172
17.4333,-0.993225,0.005298,1.052955,2.517712,0.286864,0.023359,0.082899
17.4500,-0.998438,0.048000,1.043691,2.486485,0.303727,0.044772,0.080592
17.4667,-1.002863,0.086634,1.030126,2.428369,0.324019,0.068430,0.078198
17.4833,-1.000417,0.120600,1.011518,2.354220,0.343301,0.094138,0.074685
17.5000,-0.979167,0.129065,0.984088,2.259656,0.354596,0.114015,0.065732
17.5167,-0.945393,0.122013,0.950179,2.156428,0.359731,0.129765,0.053547
17.5333,-0.906744,0.093335,0.897109,2.004764,0.367424,0.142703,0.042290
17.5500,-0.845971,0.069547,0.792261,1.817186,0.371590,0.166269,0.028953
17.5667,-0.776696,0.040131,0.606462,1.638257,0.369606,0.182788,0.018577
17.5833,-0.726300,0.025499,0.435415,1.510973,0.370889,0.190144,0.014618
17.6000,-0.724809,0.022910,0.331588,1.504506,0.372668,0.188141,0.013495
17.6167,-0.737775,0.027145,0.270232,1.504497,0.378717,0.188574,0.018027
17.6333,-0.753476,0.052903,0.224832,1.504488,0.387228,0.200773,0.025202
17.6500,-0.777649,0.082222,0.194873,1.504478,0.399127,0.214193,0.036203
17.6667,-0.794117,0.118267,0.176241,1.504475,0.407600,0.232154,0.045797
17.6833,-0.808781,0.152603,0.164898,1.504474,0.414893,0.249367,0.055017
17.7000,-0.839451,0.164770,0.157577,1.504473,0.427330,0.252673,0.068437
17.7167,-0.867460,0.169616,0.153065,1.504472,0.437639,0.252144,0.080739
17.7333,-0.892272,0.169347,0.150320,1.504472,0.446285,0.249122,0.091368
17.7500,-0.912059,0.164390,0.148780,1.504473,0.452722,0.244076,0.099497
17.7667,-0.917713,0.156410,0.150128,1.504485,0.453884,0.239025,0.101368
17.7833,-0.917238,0.147491,0.149533,1.504478,0.453140,0.234179,0.100309
17.8000,-0.917661,0.144583,0.156024,1.504507,0.453156,0.232604,0.100164
17.8167,-0.918207,0.143963,0.160228,1.504506,0.453328,0.232244,0.100323
17.8333,-0.916608,0.137455,0.154708,1.504468,0.451738,0.228776,0.099484
17.8500,-0.910050,0.133455,0.137368,1.504409,0.448036,0.227120,0.097204
17.8667,-0.904507,0.125614,0.137062,1.507101,0.443672,0.223460,0.094836
17.8833,-0.919647,0.118223,0.145448,1.558704,0.439347,0.218466,0.092728
17.9333,-1.045381,0.078103,0.254751,2.089822,0.386249,0.180007,0.064995
17.9500,-1.069631,0.077408,0.333499,2.221438,0.366960,0.166518,0.063076
17.9667,-1.073872,0.069036,0.400904,2.292728,0.352067,0.151315,0.060733
17.9833,-1.074403,0.056041,0.451309,2.316929,0.345394,0.137024,0.060542
18.0000,-1.090889,0.052914,0.500129,2.347084,0.344294,0.125843,0.066387
18.0167,-1.115084,0.055475,0.547519,2.370987,0.347993,0.116757,0.075722
18.0333,-1.142593,0.050488,0.597387,2.403361,0.349410,0.103109,0.086199
18.0500,-1.159048,0.039999,0.646255,2.427321,0.347934,0.088384,0.093592
18.0667,-1.176002,0.035508,0.684194,2.440883,0.349630,0.078409,0.101450
18.0833,-1.192262,0.032055,0.720812,2.462229,0.349394,0.068891,0.109054
18.1000,-1.206774,0.026392,0.756951,2.479564,0.348956,0.058830,0.116357
18.1167,-1.218144,0.016974,0.785344,2.489004,0.348295,0.049065,0.122279
18.1333,-1.219768,-0.003124,0.806525,2.495996,0.342964,0.036984,0.124142
18.1833,-1.171581,-0.085775,0.854040,2.434374,0.324620,0.002311,0.113684
18.2000,-1.154289,-0.100772,0.869872,2.435727,0.316095,-0.004619,0.110103
18.2167,-1.136344,-0.103182,0.887000,2.460629,0.305336,-0.007289,0.106652
18.2333,-1.116538,-0.097737,0.900782,2.486078,0.296068,-0.006339,0.102486
18.2500,-1.100596,-0.089377,0.914281,2.506450,0.289749,-0.004392,0.099582
18.2667,-1.088268,-0.084233,0.923997,2.520994,0.284744,-0.003286,0.097471
18.2833,-1.076953,-0.079498,0.933555,2.530326,0.281120,-0.002276,0.095555
18.3000,-1.065902,-0.073554,0.942114,2.539520,0.277853,-0.000660,0.093647
18.3167,-1.050591,-0.074188,0.945588,2.540070,0.273468,-0.000391,0.089906
18.3333,-1.032160,-0.070961,0.950518,2.537981,0.269686,0.001602,0.085464
18.3500,-1.013196,-0.068086,0.954282,2.532099,0.266375,0.003787,0.080579
18.3667,-0.997563,-0.059769,0.953355,2.530837,0.263984,0.008419,0.075973
18.3833,-0.981875,-0.048956,0.951358,2.531958,0.261428,0.014139,0.071297
18.4000,-0.967916,-0.041987,0.950811,2.536042,0.257813,0.017821,0.067611
18.4167,-0.948039,-0.044277,0.955910,2.520243,0.254852,0.018274,0.062471
18.4333,-0.920896,-0.067696,0.963814,2.481326,0.249721,0.011433,0.056076
18.4500,-0.895886,-0.093892,0.969926,2.440345,0.244764,0.003671,0.050405
18.4667,-0.871646,-0.122285,0.974608,2.396730,0.239802,-0.004676,0.045226
18.4833,-0.863468,-0.135987,0.978490,2.377800,0.238155,-0.009246,0.043949
18.5000,-0.862893,-0.148189,0.983096,2.366007,0.237844,-0.014185,0.044795
18.5167,-0.857332,-0.178682,0.989256,2.337805,0.234948,-0.025647,0.045776
18.5333,-0.847388,-0.216730,0.994040,2.314163,0.227517,-0.040109,0.047081
18.5500,-0.835300,-0.275969,1.000136,2.271670,0.217629,-0.062077,0.050420
18.5667,-0.842067,-0.316815,1.006320,2.239306,0.215705,-0.077854,0.056572
18.5833,-0.873041,-0.322195,1.015196,2.242920,0.222787,-0.082710,0.065110
18.6000,-0.907337,-0.323716,1.024693,2.252841,0.230271,-0.086729,0.074277
18.6167,-0.944924,-0.309092,1.033368,2.273838,0.240714,-0.085142,0.082773
18.6333,-0.972164,-0.296465,1.039904,2.285281,0.249571,-0.083111,0.088909
18.6500,-0.994561,-0.286683,1.045542,2.281613,0.259468,-0.081126,0.093847
18.6667,-1.017841,-0.265651,1.048297,2.288397,0.270562,-0.075049,0.098275
18.6833,-1.041445,-0.230300,1.048408,2.306654,0.283361,-0.063658,0.102110
18.7000,-1.063134,-0.177603,1.045491,2.340465,0.296949,-0.045587,0.105053
18.7167,-1.083474,-0.106964,1.039301,2.379218,0.313273,-0.019760,0.107639
18.7500,-1.076698,0.005858,1.012330,2.359143,0.342643,0.034107,0.099852
18.7667,-1.059709,0.048502,0.992996,2.323439,0.353380,0.060478,0.092333
18.7833,-1.034725,0.064138,0.969499,2.236057,0.365459,0.081670,0.083065
18.8000,-0.993132,0.040120,0.930613,2.080309,0.376669,0.095188,0.070209
18.8167,-0.938406,0.003409,0.847007,1.875663,0.387593,0.112171,0.057673
18.8333,-0.888797,-0.036482,0.681725,1.686119,0.395206,0.123982,0.052385
18.8500,-0.830961,-0.055689,0.491205,1.524751,0.399421,0.134912,0.049180
18.8667,-0.807834,-0.045270,0.352411,1.504738,0.397091,0.142700,0.042468
18.8833,-0.794955,-0.028296,0.268264,1.504440,0.394722,0.152405,0.037871
18.9000,-0.782479,-0.006268,0.225233,1.504503,0.392428,0.165309,0.033905
18.9167,-0.790522,0.023743,0.195450,1.504488,0.398941,0.180635,0.037858
18.9333,-0.813978,0.058331,0.175382,1.504476,0.411190,0.197005,0.048759
18.9500,-0.826787,0.117237,0.163614,1.504471,0.419835,0.227954,0.058859
18.9667,-0.851758,0.143977,0.156450,1.504472,0.430772,0.239857,0.071451
18.9833,-0.875177,0.148772,0.152109,1.504473,0.439363,0.239807,0.081823
19.0000,-0.905997,0.146942,0.149303,1.504472,0.450172,0.235239,0.094704
19.0167,-0.930971,0.144368,0.147682,1.504472,0.458237,0.230865,0.105499
19.0333,-0.949779,0.145462,0.146980,1.504472,0.464219,0.229205,0.114116
19.0500,-0.961800,0.160262,0.147238,1.504472,0.468571,0.235854,0.121301
19.0667,-0.959270,0.179024,0.154235,1.504499,0.468121,0.246464,0.122634
19.0833,-0.962783,0.191688,0.154382,1.504480,0.469856,0.252971,0.125640
19.1000,-0.961988,0.192284,0.156601,1.504490,0.469511,0.253405,0.125428
19.1167,-0.961125,0.187243,0.155316,1.504479,0.469094,0.250746,0.124407
19.1333,-0.955093,0.183613,0.149995,1.504451,0.466613,0.249400,0.121547
19.1500,-0.942568,0.181585,0.134579,1.501071,0.462145,0.249508,0.116881
19.1667,-0.936147,0.174661,0.140357,1.504469,0.458879,0.246579,0.112917
19.1833,-0.928926,0.166104,0.130263,1.504884,0.455541,0.242632,0.109074
19.2000,-0.924577,0.159011,0.125543,1.505453,0.452874,0.239188,0.106885
19.2167,-0.921150,0.154074,0.126820,1.514947,0.448845,0.237007,0.104144
19.2333,-0.995035,0.168330,0.207797,1.735997,0.441547,0.236880,0.099276
19.2500,-1.029602,0.187787,0.279555,1.881511,0.429738,0.237955,0.093902
